experiment_id,run_id,protocol_run_id,pair_id,phase,random_seed,status,failure_reason,retcode,budget_exhausted,target,configuration,mode,np,round,allocated_cpu_cores,cpu_budget_seconds,wall_budget_seconds,coverage_auc,wall_time_sec,generated,generated_kind,afl_generated,afl_executions,symcc_generated,symcc_interesting,symcc_peer_published,symcc_peer_scanned,symcc_peer_imported,symcc_peer_not_retained,symcc_peer_sync_complete,afl_master_corpus_imported,afl_corpus_imported,afl_master_sync_time,afl_sync_time_minutes,unique,throughput_per_sec,throughput_kind,afl_retained_files,afl_retained_unique,symcc_output_files,afl_instances,edge_cov_pct,edges_found,edges_total,crashes,speedup,efficiency,afl_bitmap_cvg,afl_edges_found,afl_total_edges,afl_execs_done,afl_execs_per_sec,afl_profiles,afl_variants,offline_events,offline_approved_action,offline_evaluations,offline_trajectory,offline_policy,smt_algorithm_observations,smt_algorithm_clusters,smt_algorithm_state,smt_sequence_prior_sha256,smt_sequence_prior_kind,smt_sequence_prior_recommendations,smt_sequence_prior_matches,smt_sequence_prior_budgeted_assignments,smt_sequence_prior_schedule_completions,smt_sequence_prior_match_rate
symcc-19db6e561ebca53d,925ea92fd3e431d6f857cdbc,,6112db7179d09fdd8dc19be1,engineering,0,success,,0,0,gfts-png_read_fuzzer,seed,seed,0,1,1,0.000,0.000,0.000000,0.00,11,seed-files,0,0,0,0,0,0,0,0,0,0,0,0,0,11,0.00,not-applicable,0,0,0,0,12.99,399,3072,0,1.00,100.0,,0,0,0,0,,,0,,0,,,0,0,,,,0,0,0,0,0.0
symcc-19db6e561ebca53d,ca6ad60f94697581f1ca45ee,,4b26e61051649f01bf348319,engineering,0,success,,1,1,gfts-png_read_fuzzer,hybrid,hybrid,8,1,8,208.894,26.112,509.852456,26.11,10261717,afl-executions-plus-symcc-candidates,10260985,10260985,732,53,53,0,0,0,0,0,0,0,1,1106,392992.01,afl-executions-plus-symcc-candidates-per-second,556,539,574,3,18.52,569,3072,0,0.00,0.0,16.80%,512,3048,10260985,393591.66,"fuzzer01:master-cmplog:default,fuzzer02:explore-cmplog:default,fuzzer03:mopt-fast:default",default,98,,0,/tmp/bench_gfts-png_read_fuzzer_hybrid8_r0_iw29uw8w/afl_out/symcc01/.offline_trajectory.jsonl,,96,7,/tmp/bench_gfts-png_read_fuzzer_hybrid8_r0_iw29uw8w/afl_out/symcc01/.smt_algorithm_state.json,,,0,0,0,0,0.0
symcc-19db6e561ebca53d,527751bc80b27a1bad02f217,,4b26e61051649f01bf348319,engineering,0,success,,0,1,gfts-png_read_fuzzer,afl-only,afl-only,8,1,8,200.526,25.066,487.858192,25.07,25186763,afl-executions,25186763,25186763,0,0,0,0,0,0,0,0,0,0,0,1246,1004829.66,afl-executions-per-second,1443,1246,0,8,16.60,510,3072,0,0.00,0.0,16.80%,512,3048,25186763,1006737.0,"fuzzer01:master-cmplog:default,fuzzer02:explore-cmplog:default,fuzzer03:mopt-fast:default,fuzzer04:laf-exploit:default,fuzzer05:ctx-rare:default,fuzzer06:ngram-coe:default,fuzzer07:laf-seek:default,fuzzer08:ctx-mmopt:default",default,0,,0,,,0,0,,,,0,0,0,0,0.0
symcc-19db6e561ebca53d,d8880eed7ea5a0b43ec0f592,,746036d5e67e92529df04fc4,engineering,0,success,,0,0,sqlite-sqlite_fuzzer,seed,seed,0,1,1,0.000,0.000,0.000000,0.00,25,seed-files,0,0,0,0,0,0,0,0,0,0,0,0,0,25,0.00,not-applicable,0,0,0,0,13.85,4370,31552,0,1.00,100.0,,0,0,0,0,,,0,,0,,,0,0,,,,0,0,0,0,0.0
symcc-19db6e561ebca53d,7b0d694672ce64c57e6600de,,68001abb5b34d2dbf2a8d4ba,engineering,0,success,,1,1,sqlite-sqlite_fuzzer,hybrid,hybrid,8,1,8,212.046,26.506,5888.691817,26.51,3740837,afl-executions-plus-symcc-candidates,3740708,3740708,129,45,45,0,0,0,0,0,0,0,1,4647,141133.02,afl-executions-plus-symcc-candidates-per-second,4641,4533,117,3,20.49,6465,31552,0,0.00,0.0,26.73%,5762,31525,3740708,142785.66,"fuzzer01:master-cmplog:default,fuzzer02:explore-cmplog:default,fuzzer03:mopt-fast:default",default,149,,1,/tmp/bench_sqlite-sqlite_fuzzer_hybrid8_r0__ot4118y/afl_out/symcc01/.offline_trajectory.jsonl,/tmp/bench_sqlite-sqlite_fuzzer_hybrid8_r0__ot4118y/afl_out/symcc01/.offline_policy.json,144,3,/tmp/bench_sqlite-sqlite_fuzzer_hybrid8_r0__ot4118y/afl_out/symcc01/.smt_algorithm_state.json,,,0,0,0,0,0.0
symcc-19db6e561ebca53d,d881b4a39abad0c289e14d1f,,68001abb5b34d2dbf2a8d4ba,engineering,0,success,,0,1,sqlite-sqlite_fuzzer,afl-only,afl-only,8,1,8,208.463,26.058,5974.146734,26.06,9872875,afl-executions,9872875,9872875,0,0,0,0,0,0,0,0,0,0,0,10902,378881.69,afl-executions-per-second,11364,10902,0,8,21.20,6688,31552,0,0.00,0.0,26.61%,6234,31525,9872875,386965.94999999995,"fuzzer01:master-cmplog:default,fuzzer02:explore-cmplog:default,fuzzer03:mopt-fast:default,fuzzer04:laf-exploit:default,fuzzer05:ctx-rare:default,fuzzer06:ngram-coe:default,fuzzer07:laf-seek:default,fuzzer08:ctx-mmopt:default",default,0,,0,,,0,0,,,,0,0,0,0,0.0
symcc-19db6e561ebca53d,35dba2ca1ea3315c95a0abbb,,92d1de4fcb69e33b6fae6c6a,engineering,0,success,,0,0,freetype2-freetype2_fuzzer,seed,seed,0,1,1,0.000,0.000,0.000000,0.00,2,seed-files,0,0,0,0,0,0,0,0,0,0,0,0,0,2,0.00,not-applicable,0,0,0,0,2.22,481,21632,0,1.00,100.0,,0,0,0,0,,,0,,0,,,0,0,,,,0,0,0,0,0.0
symcc-19db6e561ebca53d,cccce53f8943459da099e4f2,,de84af82eb50621dd6a8d15e,engineering,0,success,,1,1,freetype2-freetype2_fuzzer,hybrid,hybrid,8,1,8,209.429,26.179,800.154207,26.18,173798,afl-executions-plus-symcc-candidates,173798,173798,0,0,0,0,0,0,0,0,9,0,1,336,6638.94,afl-executions-plus-symcc-candidates-per-second,357,336,0,3,5.15,1114,21632,0,0.00,0.0,1.36%,1184,87150,173798,18176.98,"fuzzer01:master-cmplog:default,fuzzer02:explore-cmplog:default,fuzzer03:mopt-fast:default",default,0,,0,,,0,0,,,,0,0,0,0,0.0
symcc-19db6e561ebca53d,8eb55c3ca15989e1047620ae,,de84af82eb50621dd6a8d15e,engineering,0,success,,0,1,freetype2-freetype2_fuzzer,afl-only,afl-only,8,1,8,202.003,25.250,873.063588,25.25,1343082,afl-executions,1343082,1343082,0,0,0,0,0,0,0,0,0,0,0,1158,53190.46,afl-executions-per-second,1346,1158,0,8,5.17,1119,21632,0,0.00,0.0,4.62%,999,21618,1343082,53481.590000000004,"fuzzer01:master-cmplog:default,fuzzer02:explore-cmplog:default,fuzzer03:mopt-fast:default,fuzzer04:laf-exploit:default,fuzzer05:ctx-rare:default,fuzzer06:ngram-coe:default,fuzzer07:laf-seek:default,fuzzer08:ctx-mmopt:default",default,0,,0,,,0,0,,,,0,0,0,0,0.0
